<Entities>
	<ExtensionPackages>
		<ExtensionPackage name="grid-advanced_ExtensionPackage"
						  description="Advanced Grid Widget"
						  vendor="ThingWorx"
						  packageVersion="4.2.1"
						  minimumThingWorxVersion="8.2">
		</ExtensionPackage>
	</ExtensionPackages>
	<Widgets>
		<Widget name="gridadvanced">
			<UIResources>
				<FileResource type="JS" file="include/grid-advanced-requirejs.js" description="" isDevelopment="true" isRuntime="true" />
				<FileResource type="CSS" file="dhtmlx.css" description="" isDevelopment="true" isRuntime="true" />
				<FileResource type="CSS" file="fonts/font_roboto/roboto.css" description="" isDevelopment="true" isRuntime="true" />

				<FileResource type="JS" file="gridadvanced.ide.js" description="" isDevelopment="true" isRuntime="false" />
				<FileResource type="JS" file="gridadvanced.style.ide.js" description="" isDevelopment="true" isRuntime="false" />
				<FileResource type="CSS" file="gridadvanced.ide.css" description="" isDevelopment="true" isRuntime="false" />
				<FileResource type="JS" file="gridadvanced.runtime.js" description="" isDevelopment="false" isRuntime="true" />
				<FileResource type="JS" file="gridadvanced.style.runtime.js" description="" isDevelopment="false" isRuntime="true" />
				<FileResource type="CSS" file="gridadvanced.runtime.css" description="" isDevelopment="false" isRuntime="true" />
				<FileResource type="JS" file="gridadvanced.customdialog.ide.js" description="" isDevelopment="true" isRuntime="false" />
				<FileResource type="JS" file="treegridadvanced.runtime.js" description="" isDevelopment="false" isRuntime="true" />
				<FileResource type="JS" file="treegridadvanced.ide.js" description="" isDevelopment="true" isRuntime="false" />
				<FileResource type="JS" file="treegridadvanced.style.runtime.js" description="" isDevelopment="false" isRuntime="true" />
				<FileResource type="JS" file="treegridadvanced.style.ide.js" description="" isDevelopment="true" isRuntime="false" />
				<FileResource type="JS" file="dhtmlx-customcolumn-types.js" description="" isDevelopment="false" isRuntime="true" />
			</UIResources>
		</Widget>
	</Widgets>
</Entities>
