<?xml version="1.0" encoding="UTF-8" standalone="no"?>
<Entities build="latest" majorVersion="7" minorVersion="2" modelPersistenceProviderPackage="NeoPersistenceProviderPackage" revision="0" schemaVersion="940">
    <MediaEntities>
        <MediaEntity aspect.isExtension="true" description="" documentationContent="" homeMashup="" lastModifiedDate="2017-04-17T11:08:48.572-04:00" name="GridSortDescendingArrow" projectName="" tags="">
            <Owner name="SuperUser" type="User"/>
            <avatar/>
            <DesignTimePermissions>
                <Create/>
                <Read/>
                <Update/>
                <Delete/>
                <Metadata/>
            </DesignTimePermissions>
            <RunTimePermissions/>
            <VisibilityPermissions>
                <Visibility/>
            </VisibilityPermissions>
            <ConfigurationTables>
                <ConfigurationTable description="List of authorization server scopes" isMultiRow="true" name="AuthorizationServerScopesSettings" ordinal="1">
                    <DataShape>
                        <FieldDefinitions>
                            <FieldDefinition baseType="STRING" description="A single scope for the authorization server." name="scope" ordinal="0"/>
                        </FieldDefinitions>
                    </DataShape>
                    <Rows/>
                </ConfigurationTable>
                <ConfigurationTable description="Content Source Connection information" isMultiRow="false" name="ContentSourceConnectionInformation" ordinal="0">
                    <DataShape>
                        <FieldDefinitions>
                            <FieldDefinition aspect.friendlyName="Authorization Server ID" baseType="STRING" description="Authorization Server ID" name="authorizationServerId" ordinal="7"/>
                            <FieldDefinition aspect.friendlyName="Dynamic Content" baseType="BOOLEAN" description="Display dynamic content from external URL" name="dynamicContent" ordinal="0"/>
                            <FieldDefinition aspect.friendlyName="Ignore SSL Errors" baseType="BOOLEAN" description="Ignore SSL errors" name="ignoreSSLErrors" ordinal="2"/>
                            <FieldDefinition aspect.friendlyName="Password" baseType="PASSWORD" description="Password for basic authentication" name="password" ordinal="6"/>
                            <FieldDefinition aspect.defaultValue="60.0" aspect.friendlyName="Timeout" baseType="NUMBER" description="Timeout" name="timeout" ordinal="3"/>
                            <FieldDefinition aspect.friendlyName="URL" baseType="STRING" description="The URL to the content source" name="url" ordinal="1"/>
                            <FieldDefinition aspect.friendlyName="Username" baseType="STRING" description="Username for basic authentication" name="userId" ordinal="5"/>
                            <FieldDefinition aspect.defaultValue="none" aspect.friendlyName="AuthenticationType" aspect.selectOptions="none:none|basic:basic|SSO:SSO" baseType="STRING" description="Authentication type" name="authenticationType" ordinal="8"/>
                        </FieldDefinitions>
                    </DataShape>
                    <Rows>
                        <Row>
                            <ignoreSSLErrors>false</ignoreSSLErrors>
                            <dynamicContent>false</dynamicContent>
                            <password/>
                            <authorizationServerId/>
                            <authenticationType><![CDATA[none]]></authenticationType>
                            <userId/>
                            <url/>
                            <timeout>60.0</timeout>
                        </Row>
                    </Rows>
                </ConfigurationTable>
            </ConfigurationTables>
            <content><![CDATA[R0lGODlhCQAIAJEAAP///8HBwYCAgP///yH5BAUUAAMALAAAAAAJAAgAAAITnI4CFu3L3pjCBUgb
znd6s31fAQA7]]></content>
            <ConfigurationChanges>
                <ConfigurationChange changeAction="CREATE" changeReason="Importing Extension Package Metadata" timestamp="2017-04-17T11:08:48.572-04:00" user="SuperUser"/>
            </ConfigurationChanges>
        </MediaEntity>
    </MediaEntities>
</Entities>
