<?xml version="1.0" encoding="UTF-8" standalone="no"?>
<Entities>
    <ExtensionPackages>
        <ExtensionPackage dependsOn="" description="Spline Area Widget For DB" minimumThingWorxVersion="8.3.0" name="SplineAreaWidgetExtV2" packageVersion="1.9.30" vendor="Pfizer"> 
        </ExtensionPackage>
    </ExtensionPackages>
    <Widgets>
        <Widget name="splineareacolorextwidgetV2">
            <UIResources>
                <FileResource description="" file="splineareacolorextwidgetV2.ide.js" isDevelopment="true" isRuntime="false" type="JS"/>
                <FileResource description="" file="splineareacolorextwidgetV2.ide.css" isDevelopment="true" isRuntime="false" type="CSS"/>
                <FileResource description="" file="splineareacolorextwidgetV2.runtime.js" isDevelopment="false" isRuntime="true" type="JS"/>
                <FileResource description="" file="ChartForExtensionV2.min.js" isDevelopment="false" isRuntime="true" type="JS"/>
                <!-- <FileResource description="" file="Chart.min.js.runtime.js" isDevelopment="false" isRuntime="true" type="JS"/> -->
                <FileResource description="" file="splineareacolorextwidgetV2.runtime.css" isDevelopment="false" isRuntime="true" type="CSS"/>
            </UIResources>
        </Widget>
    </Widgets>
</Entities>
