<?xml version="1.0" encoding="utf-8"?><Entities><ExtensionPackages><ExtensionPackage name="PagingWidget-extension" description="Paging Widget" vendor="PTC" packageVersion="8.3.1" buildNumber="00" minimumThingWorxVersion="8.3.0"><JarResources><FileResource file="sco-PagingWidget-extension.jar" type="JAR"></FileResource></JarResources></ExtensionPackage></ExtensionPackages>
	<Widgets>
        <Widget name="paging">
            <UIResources>
                <FileResource file="paging.ide.css" type="CSS" isRuntime="false" isDevelopment="true"></FileResource>
                <FileResource file="paging.ide.js" type="JS" isRuntime="false" isDevelopment="true"></FileResource>
                <FileResource file="paging.runtime.css" type="CSS" isRuntime="true" isDevelopment="false"></FileResource>
                <FileResource file="paging.runtime.js" type="JS" isRuntime="true" isDevelopment="false"></FileResource>
            </UIResources>
        </Widget>
    
	</Widgets>
</Entities>